{
    "f1_score": 0.3693266832917706,
    "f2_score": 0.38207522831639235,
    "precision": 0.34987006850933144,
    "recall": 0.3910747293372062,
    "accuracy": 0.964958709748933,
    "roc_auc": 0.9046598355914157,
    "mcc": 0.3519388253311341,
    "log_loss": 0.23829941506521646,
    "optimal_threshold": 0.64,
    "training_duration_seconds": 130.4265639781952
}