{
  "mean_jaccard_overlap": 0.6075689787442634,
  "overlaps": [
    0.8333333333333334,
    0.5,
    0.3611111111111111,
    0.7058823529411765,
    0.6666666666666666,
    0.7142857142857143,
    0.8064516129032258,
    0.5483870967741935,
    0.47058823529411764,
    0.6216216216216216,
    0.5625,
    0.5
  ]
}