{"model_name": "LogisticRegression", "preprocessing_type": "general", "uses_smote": false, "uses_balancing": true, "loaded_from_file": false, "f1_mean": 0.33678930941151924, "f1_std": 0.03533514052850482, "precision_mean": 0.21886425326566822, "precision_std": 0.030187859934225524, "recall_mean": 0.7431985616789768, "recall_std": 0.02409956531713487, "accuracy_mean": 0.8672233205221087, "accuracy_std": 0.020218073561934058, "mcc_mean": 0.3548215128429, "mcc_std": 0.02816664318032974, "roc_auc_mean": 0.8081130527563664, "roc_auc_std": 0.010311436150766237, "pr_auc_mean": 0.17400683627220087, "pr_auc_std": 0.022418292186713772, "neg_log_loss_mean": 4.785756613259023, "neg_log_loss_std": 0.7287332356620256}