{"model_name": "DecisionTree", "preprocessing_type": "tree", "uses_smote": false, "uses_balancing": true, "loaded_from_file": false, "f1_mean": 0.2104563357894324, "f1_std": 0.026746244672696973, "precision_mean": 0.11790641619433043, "precision_std": 0.01656458318359831, "recall_mean": 0.9963342816326171, "recall_std": 0.002238518184000536, "accuracy_mean": 0.6624762091872445, "accuracy_std": 0.02073501991093069, "mcc_mean": 0.27451984831714793, "mcc_std": 0.022697742685043525, "roc_auc_mean": 0.8215541873801924, "roc_auc_std": 0.009383618472973991, "pr_auc_mean": 0.1176243930785638, "pr_auc_std": 0.016461217544274414, "neg_log_loss_mean": 12.165590526635844, "neg_log_loss_std": 0.7473658706860293}