{"model_name": "AdaBoost", "preprocessing_type": "tree", "uses_smote": true, "uses_balancing": false, "loaded_from_file": false, "f1_mean": 0.2168079836626672, "f1_std": 0.02444669616489357, "precision_mean": 0.12476586279139365, "precision_std": 0.016583755759440585, "recall_mean": 0.8553599719752993, "recall_std": 0.07151359565367406, "accuracy_mean": 0.7195938064072496, "accuracy_std": 0.04211106678690801, "mcc_mean": 0.25547076921278394, "mcc_std": 0.01811971296926746, "roc_auc_mean": 0.7842989864467584, "roc_auc_std": 0.019645014675131606, "pr_auc_mean": 0.11261108467612968, "pr_auc_std": 0.012909695887689388, "neg_log_loss_mean": 10.106863650018779, "neg_log_loss_std": 1.5178366951132751}