{"model_name": "BalancedBagging", "preprocessing_type": "tree", "uses_smote": false, "uses_balancing": true, "loaded_from_file": false, "f1_mean": 0.27811327281662074, "f1_std": 0.03189915539775466, "precision_mean": 0.1620312645274723, "precision_std": 0.021649450146454086, "recall_mean": 0.9958870820452883, "recall_std": 0.003469976012129537, "accuracy_mean": 0.7661341617652476, "accuracy_std": 0.02528079095894733, "mcc_mean": 0.34798079505565405, "mcc_std": 0.027294074766681845, "roc_auc_mean": 0.8755704097906971, "roc_auc_std": 0.013190305355958066, "pr_auc_mean": 0.16153982778549253, "pr_auc_std": 0.02151500757739069, "neg_log_loss_mean": 8.429379212888756, "neg_log_loss_std": 0.9112120667270243}