{"model_name": "XGBoost", "preprocessing_type": "tree", "uses_smote": false, "uses_balancing": true, "loaded_from_file": false, "f1_mean": 0.2850759588473266, "f1_std": 0.039156834569638074, "precision_mean": 0.16762357504385605, "precision_std": 0.0270003656158682, "recall_mean": 0.9761496949274967, "recall_std": 0.011168388953630572, "accuracy_mean": 0.7777011014378861, "accuracy_std": 0.025971867513279418, "mcc_mean": 0.3507313740764343, "mcc_std": 0.03196683882949376, "roc_auc_mean": 0.8722958252141236, "roc_auc_std": 0.012388081516895619, "pr_auc_mean": 0.1645176931141142, "pr_auc_std": 0.025471559020905598, "neg_log_loss_mean": 8.012464448555349, "neg_log_loss_std": 0.9361209905167153}