{"model_name": "Dummy", "preprocessing_type": "general", "uses_smote": false, "uses_balancing": true, "loaded_from_file": false, "f1_mean": 0.0797240227903588, "f1_std": 0.008689759411393992, "precision_mean": 0.04497962923766006, "precision_std": 0.005449983624376157, "recall_mean": 0.35473136660511406, "recall_std": 0.01080965745230911, "accuracy_mean": 0.6317857537543438, "accuracy_std": 0.009618818033963509, "mcc_mean": -0.00024298470811550082, "mcc_std": 0.0015747313999327289, "roc_auc_mean": 0.49977958002600564, "roc_auc_std": 0.0019131874433779492, "pr_auc_mean": 0.04503497137489262, "pr_auc_std": 0.0055629046950179594, "neg_log_loss_mean": 13.271786664613467, "neg_log_loss_std": 0.34669734322916995}