{"model_name": "Bagging", "preprocessing_type": "tree", "uses_smote": true, "uses_balancing": false, "loaded_from_file": false, "f1_mean": 0.29110838905351716, "f1_std": 0.03389657426969285, "precision_mean": 0.1710230769278531, "precision_std": 0.023454282477057137, "recall_mean": 0.9933241417867512, "recall_std": 0.0047581495266872526, "accuracy_mean": 0.780974717273051, "accuracy_std": 0.02504885335157649, "mcc_mean": 0.36045024093926026, "mcc_std": 0.028655557080638227, "roc_auc_mean": 0.8821184518597684, "roc_auc_std": 0.01226022085523022, "pr_auc_mean": 0.17015166711779114, "pr_auc_std": 0.023153050513271732, "neg_log_loss_mean": 7.894471374063537, "neg_log_loss_std": 0.9028521879990488}