{"model_name": "ExtraTrees", "preprocessing_type": "tree", "uses_smote": false, "uses_balancing": true, "loaded_from_file": false, "f1_mean": 0.23896922238601587, "f1_std": 0.027898714787561295, "precision_mean": 0.136428486148053, "precision_std": 0.01802167332208236, "recall_mean": 0.978473734915646, "recall_std": 0.010048569064383013, "accuracy_mean": 0.7190879062856862, "accuracy_std": 0.01679026120983141, "mcc_mean": 0.30349184197478035, "mcc_std": 0.021928953134374287, "roc_auc_mean": 0.8427041298793496, "roc_auc_std": 0.009625142107707802, "pr_auc_mean": 0.13439493373503167, "pr_auc_std": 0.01725314283173733, "neg_log_loss_mean": 10.125098138649921, "neg_log_loss_std": 0.6051823553599014}