{"model_name": "GaussianNB", "preprocessing_type": "general", "uses_smote": true, "uses_balancing": false, "loaded_from_file": false, "f1_mean": 0.1616299311177783, "f1_std": 0.03164268878303763, "precision_mean": 0.08877371952069542, "precision_std": 0.019228129602936787, "recall_mean": 0.9417992710136674, "recall_std": 0.015959538607703938, "accuracy_mean": 0.5520303540072937, "accuracy_std": 0.054424527199943944, "mcc_mean": 0.19898737800575134, "mcc_std": 0.03283371120497102, "roc_auc_mean": 0.7378312805148525, "roc_auc_std": 0.02691769070172111, "pr_auc_mean": 0.08617284505850954, "pr_auc_std": 0.0181279805489345, "neg_log_loss_mean": 16.146462649006615, "neg_log_loss_std": 1.9616587942613573}