{"model_name": "LightGBM", "preprocessing_type": "tree", "uses_smote": false, "uses_balancing": true, "loaded_from_file": false, "f1_mean": 0.2557687849522941, "f1_std": 0.03262367148876673, "precision_mean": 0.14723988996661602, "precision_std": 0.02128221025285236, "recall_mean": 0.9909613531161636, "recall_std": 0.0034139886385318326, "accuracy_mean": 0.7394565257431943, "accuracy_std": 0.019587511351573238, "mcc_mean": 0.3239263523369195, "mcc_std": 0.027410892200912088, "roc_auc_mean": 0.8593032635853369, "roc_auc_std": 0.010511062940609888, "pr_auc_mean": 0.14631048849092254, "pr_auc_std": 0.02108639851935057, "neg_log_loss_mean": 9.390938678908674, "neg_log_loss_std": 0.7060054699115028}