{"model_name": "RandomForest", "preprocessing_type": "tree", "uses_smote": false, "uses_balancing": true, "loaded_from_file": false, "f1_mean": 0.24428835489582706, "f1_std": 0.029968089526532266, "precision_mean": 0.13947245765039723, "precision_std": 0.01933606895862313, "recall_mean": 0.9998551074619657, "recall_std": 0.0002897850760685827, "accuracy_mean": 0.7203870381512544, "accuracy_std": 0.02410408705602808, "mcc_mean": 0.3134208858922402, "mcc_std": 0.025944081376560672, "roc_auc_mean": 0.8535283566482847, "roc_auc_std": 0.012619150218208792, "pr_auc_mean": 0.13945814651769267, "pr_auc_std": 0.019328579308998478, "neg_log_loss_mean": 10.078272679980628, "neg_log_loss_std": 0.8687993591085802}