{"model_name": "EasyEnsemble", "preprocessing_type": "tree", "uses_smote": false, "uses_balancing": true, "loaded_from_file": false, "f1_mean": 0.19713707737295444, "f1_std": 0.024972010710027144, "precision_mean": 0.11076522864120648, "precision_std": 0.015870922006013293, "recall_mean": 0.9149795639495549, "recall_std": 0.016528195770965724, "accuracy_mean": 0.6639226906027824, "accuracy_std": 0.016787308317017358, "mcc_mean": 0.2430043054768504, "mcc_std": 0.017770802853012423, "roc_auc_mean": 0.7836049755132184, "roc_auc_std": 0.005521044443774057, "pr_auc_mean": 0.10505373253442345, "pr_auc_std": 0.014167561357006603, "neg_log_loss_mean": 12.113454051860394, "neg_log_loss_std": 0.6050759223148174}