{"model_name": "SVC_linear", "preprocessing_type": "general", "uses_smote": false, "uses_balancing": true, "loaded_from_file": false, "f1_mean": 0.31972925091209264, "f1_std": 0.03360706223894038, "precision_mean": 0.20216019107956842, "precision_std": 0.02691250663106526, "recall_mean": 0.775993703799874, "recall_std": 0.019883206635224495, "accuracy_mean": 0.8505016024263558, "accuracy_std": 0.020295778825970643, "mcc_mean": 0.34527028888265665, "mcc_std": 0.027199031630984673, "roc_auc_mean": 0.814984030632462, "roc_auc_std": 0.010789280472462057, "pr_auc_mean": 0.1668767826160051, "pr_auc_std": 0.02140567131557645, "neg_log_loss_mean": 5.388468424372859, "neg_log_loss_std": 0.7315340172654695}