{"model_name": "BalancedRandomForest", "preprocessing_type": "tree", "uses_smote": false, "uses_balancing": true, "loaded_from_file": false, "f1_mean": 0.23369376152373045, "f1_std": 0.02834288835377947, "precision_mean": 0.132597619975014, "precision_std": 0.018020990024738368, "recall_mean": 0.9999037293522776, "recall_std": 0.00011790809756533679, "accuracy_mean": 0.7039821215879369, "accuracy_std": 0.021202058538107322, "mcc_mean": 0.3018830394088524, "mcc_std": 0.024144563848843652, "roc_auc_mean": 0.8449694011408047, "roc_auc_std": 0.010961515029297292, "pr_auc_mean": 0.13258865613790938, "pr_auc_std": 0.01801525610963286, "neg_log_loss_mean": 10.669565806466222, "neg_log_loss_std": 0.7641996490833127}