{"model_name": "KNN", "preprocessing_type": "general", "uses_smote": true, "uses_balancing": false, "loaded_from_file": false, "f1_mean": 0.1830221808019031, "f1_std": 0.018488030922262755, "precision_mean": 0.10199209168585217, "precision_std": 0.011426132968533337, "recall_mean": 0.9007379937466208, "recall_std": 0.011014794207838087, "accuracy_mean": 0.6386841685187686, "accuracy_std": 0.00844437560646712, "mcc_mean": 0.2228861378509393, "mcc_std": 0.01212760839108277, "roc_auc_mean": 0.763514955682896, "roc_auc_std": 0.002846475871624932, "pr_auc_mean": 0.09633632022625445, "pr_auc_std": 0.010843695102288047, "neg_log_loss_mean": 13.023142593910165, "neg_log_loss_std": 0.30436614744701584}