{
  "optimal_threshold": 0.64,
  "max_f1_score": 0.4004528334748438,
  "thresholds": [
    0.0,
    0.01,
    0.02,
    0.03,
    0.04,
    0.05,
    0.06,
    0.07,
    0.08,
    0.09,
    0.1,
    0.11,
    0.12,
    0.13,
    0.14,
    0.15,
    0.16,
    0.17,
    0.18,
    0.19,
    0.2,
    0.21,
    0.22,
    0.23,
    0.24,
    0.25,
    0.26,
    0.27,
    0.28,
    0.29,
    0.3,
    0.31,
    0.32,
    0.33,
    0.34,
    0.35000000000000003,
    0.36,
    0.37,
    0.38,
    0.39,
    0.4,
    0.41000000000000003,
    0.42,
    0.43,
    0.44,
    0.45,
    0.46,
    0.47000000000000003,
    0.48,
    0.49,
    0.5,
    0.51,
    0.52,
    0.53,
    0.54,
    0.55,
    0.56,
    0.5700000000000001,
    0.58,
    0.59,
    0.6,
    0.61,
    0.62,
    0.63,
    0.64,
    0.65,
    0.66,
    0.67,
    0.68,
    0.6900000000000001,
    0.7000000000000001,
    0.71,
    0.72,
    0.73,
    0.74,
    0.75,
    0.76,
    0.77,
    0.78,
    0.79,
    0.8,
    0.81,
    0.8200000000000001,
    0.8300000000000001,
    0.84,
    0.85,
    0.86,
    0.87,
    0.88,
    0.89,
    0.9,
    0.91,
    0.92,
    0.93,
    0.9400000000000001,
    0.9500000000000001,
    0.96,
    0.97,
    0.98,
    0.99,
    1.0
  ],
  "f1_scores": [
    0.06236648680800442,
    0.10015255675848272,
    0.10688192591384192,
    0.11247147729224427,
    0.1175586926795447,
    0.12241892348733603,
    0.12700125671437076,
    0.1316759847292334,
    0.13627588693503195,
    0.14080428453550467,
    0.14517713365539453,
    0.1494300655985766,
    0.15369498710626922,
    0.15794291273298106,
    0.1621535506365701,
    0.16611423220973784,
    0.1699511181247835,
    0.17400161185853222,
    0.17791878172588832,
    0.18204175632936126,
    0.18607236385014161,
    0.19021224154457073,
    0.19434793590211322,
    0.1983682058889483,
    0.20252075587321977,
    0.20644445382560292,
    0.2106076528404525,
    0.21504286284523122,
    0.2194025974025974,
    0.22351351531247296,
    0.22786502749389403,
    0.23260335867611368,
    0.2373550350212424,
    0.24217346487998823,
    0.24692179197436148,
    0.25177616100753947,
    0.2567200868343762,
    0.2618088101315692,
    0.2665710912464159,
    0.2716537824166862,
    0.27683595634077063,
    0.2825240484190178,
    0.2880392565506527,
    0.29389946315275745,
    0.29930740114359344,
    0.30491176287181193,
    0.3107514996727011,
    0.3168178336312266,
    0.3229354427618512,
    0.329772697567757,
    0.3357878146086785,
    0.34252788389058525,
    0.3489664134081175,
    0.35488221047996477,
    0.36059065463269735,
    0.3664720823492714,
    0.3724033545955797,
    0.37788077764902794,
    0.38372717508055854,
    0.3886086591004624,
    0.3917058274973029,
    0.3955855116185821,
    0.39899393165122965,
    0.3998083253468894,
    0.4004528334748438,
    0.399808311083727,
    0.3979947481499164,
    0.3940074906367041,
    0.3890051260592112,
    0.38320439572455645,
    0.3740340030911901,
    0.36669364265803434,
    0.35735321762015165,
    0.3419403523737655,
    0.3291130554125922,
    0.3138476968264202,
    0.2942936205220253,
    0.2735269969112875,
    0.25043818530143075,
    0.22912868348526605,
    0.20395778364116096,
    0.18017362847143312,
    0.1535067129846963,
    0.1260772731674252,
    0.09955741210403302,
    0.07744758803175249,
    0.05857306054626649,
    0.040196233581262855,
    0.026269421752362646,
    0.016582319371163994,
    0.008774780630484237,
    0.0043468811128015645,
    0.0021763969748082052,
    0.00021794801939737372,
    0.00010898588632772056,
    0.0,
    0.0,
    0.0,
    0.0,
    0.0,
    0.0
  ],
  "model_name": "LogisticRegression",
  "timestamp": "2025-09-08T14:20:56.999664"
}