{
  "best_params": {
    "classifier__dual": false,
    "classifier__C": 10.0
  },
  "best_score": 0.31977622991987387,
  "all_results": [
    {
      "params": {
        "classifier__dual": false,
        "classifier__C": 0.01
      },
      "mean_score": 0.3161102165312263,
      "std_score": 0.0338317161538371,
      "fold_scores": [
        0.3397632838076051,
        0.3581435572211012,
        0.33024652734326115,
        0.27854270744486415,
        0.27385500683930003
      ]
    },
    {
      "params": {
        "classifier__dual": false,
        "classifier__C": 0.1
      },
      "mean_score": 0.31932533376417,
      "std_score": 0.03357162478202392,
      "fold_scores": [
        0.34279877425944844,
        0.3613725375577249,
        0.3327652591049675,
        0.28286852589641437,
        0.2768215720022949
      ]
    },
    {
      "params": {
        "classifier__dual": false,
        "classifier__C": 1.0
      },
      "mean_score": 0.31972925091209264,
      "std_score": 0.03360706223894038,
      "fold_scores": [
        0.3432721321536337,
        0.36200737834514257,
        0.33284892904530233,
        0.2832189644416719,
        0.27729885057471265
      ]
    },
    {
      "params": {
        "classifier__dual": false,
        "classifier__C": 10.0
      },
      "mean_score": 0.31977622991987387,
      "std_score": 0.033664004056675155,
      "fold_scores": [
        0.34339506804461273,
        0.3621346142580985,
        0.3328699608239606,
        0.2831295233341652,
        0.27735198313853227
      ]
    }
  ]
}